[
    {
        "listingName": "建筑工程工程量清单",
        "totalAvgprice": "1189.495745",
        "branchItemInfos": [
            {
                "value": "15344.21",
                "biname": "A.3 砌筑工程",
                "branchItems": [
                    {
                        "qtyVct": "15344.210000000000",
                        "ltname": "A.3.4 砌块砌体",
                        "avgprice": "153.44209999999998"
                    }
                ],
                "biAvgprice": "153.44209999999998"
            },
            {
                "value": "4860.937",
                "biname": "A.4 混凝土及钢筋混凝土工程",
                "branchItems": [
                    {
                        "qtyVct": "57156.360000000000",
                        "ltname": "A.4.2 现浇混凝土柱",
                        "avgprice": "571.5636"
                    },
                    {
                        "qtyVct": "18558.000000000000",
                        "ltname": "A.4.3 现浇混凝土梁",
                        "avgprice": "185.58"
                    },
                    {
                        "qtyVct": "4860.937000000000",
                        "ltname": "A.4.4 现浇混凝土墙",
                        "avgprice": "48.60937"
                    },
                    {
                        "qtyVct": "3379.890000000000",
                        "ltname": "A.4.5 现浇混凝土板",
                        "avgprice": "33.798899999999996"
                    }
                ],
                "biAvgprice": "48.60937"
            },
            {
                "value": "4725.035",
                "biname": "A.7 屋面及防水工程",
                "branchItems": [
                    {
                        "qtyVct": "4725.035000000000",
                        "ltname": "A.7.2 屋面防水",
                        "avgprice": "47.25035"
                    }
                ],
                "biAvgprice": "47.25035"
            },
            {
                "value": "14925.1425",
                "biname": "A.8 防腐、隔热、保温工程",
                "branchItems": [
                    {
                        "qtyVct": "14925.142500000000",
                        "ltname": "A.8.3 隔热、保温",
                        "avgprice": "149.251425"
                    }
                ],
                "biAvgprice": "149.251425"
            }
        ],
        "totalValue": "118949.57449999999"
    },
    {
        "listingName": "装饰装修工程量清单",
        "totalAvgprice": "878.9891339999999",
        "branchItemInfos": [
            {
                "value": "1187.5855",
                "biname": "B.1 楼地面工程",
                "branchItems": [
                    {
                        "qtyVct": "12830.672000000000",
                        "ltname": "B.1.1 整体面层",
                        "avgprice": "128.30672"
                    },
                    {
                        "qtyVct": "1187.585500000000",
                        "ltname": "B.1.5 踢脚线",
                        "avgprice": "11.875855"
                    },
                    {
                        "qtyVct": "4800.000000000000",
                        "ltname": "B.1.7 扶手、栏杆、栏板装饰",
                        "avgprice": "48.0"
                    }
                ],
                "biAvgprice": "11.875855"
            },
            {
                "value": "38791.7013",
                "biname": "B.2 墙、柱面工程",
                "branchItems": [
                    {
                        "qtyVct": "38791.701300000000",
                        "ltname": "B.2.1 墙面抹灰",
                        "avgprice": "387.917013"
                    },
                    {
                        "qtyVct": "11788.105500000000",
                        "ltname": "B.2.4 墙面镶贴块料",
                        "avgprice": "117.881055"
                    }
                ],
                "biAvgprice": "387.917013"
            },
            {
                "value": "12830.6691",
                "biname": "B.3 天棚工程",
                "branchItems": [
                    {
                        "qtyVct": "12830.669100000000",
                        "ltname": "B.3.1 天棚抹灰",
                        "avgprice": "128.306691"
                    }
                ],
                "biAvgprice": "128.306691"
            },
            {
                "value": "5670.18",
                "biname": "B.4 门窗工程",
                "branchItems": [
                    {
                        "qtyVct": "5670.180000000000",
                        "ltname": "B.4.1 木门",
                        "avgprice": "56.701800000000006"
                    }
                ],
                "biAvgprice": "56.701800000000006"
            }
        ],
        "totalValue": "87898.91339999999"
    }
]