{
    "data":[
        {
            "listingName":"å»ºç­‘å·¥ç¨‹å·¥ç¨‹é‡æ¸…å•",
            "items":[
                {
                    "items":[
                        {
                            "qtyVct":"15344.21",
                            "ltname":"A.3.4 ç Œå—ç Œä½“",
                            "avgprice":"153.44"
                        }
                    ],
                    "value":"15344.21",
                    "biname":"A.3 ç Œç­‘å·¥ç¨‹",
                    "biAvgprice":"153.44"
                },
                {
                    "items":[
                        {
                            "qtyVct":"57156.36",
                            "ltname":"A.4.2 çŽ°æµ‡æ··å‡åœŸæŸ±",
                            "avgprice":"571.56"
                        },
                        {
                            "qtyVct":"18558.00",
                            "ltname":"A.4.3 çŽ°æµ‡æ··å‡åœŸæ¢",
                            "avgprice":"185.58"
                        },
                        {
                            "qtyVct":"4860.94",
                            "ltname":"A.4.4 çŽ°æµ‡æ··å‡åœŸå¢™",
                            "avgprice":"48.61"
                        },
                        {
                            "qtyVct":"3379.89",
                            "ltname":"A.4.5 çŽ°æµ‡æ··å‡åœŸæ¿",
                            "avgprice":"33.80"
                        }
                    ],
                    "value":"83955.19",
                    "biname":"A.4 æ··å‡åœŸåŠé’¢ç­‹æ··å‡åœŸå·¥ç¨‹",
                    "biAvgprice":"839.55"
                },
                {
                    "items":[
                        {
                            "qtyVct":"4725.04",
                            "ltname":"A.7.2 å±‹é¢é˜²æ°´",
                            "avgprice":"47.25"
                        }
                    ],
                    "value":"4725.04",
                    "biname":"A.7 å±‹é¢åŠé˜²æ°´å·¥ç¨‹",
                    "biAvgprice":"47.25"
                },
                {
                    "items":[
                        {
                            "qtyVct":"14925.14",
                            "ltname":"A.8.3 éš”çƒ­ã€ä¿æ¸©",
                            "avgprice":"149.25"
                        }
                    ],
                    "value":"14925.14",
                    "biname":"A.8 é˜²è…ã€éš”çƒ­ã€ä¿æ¸©å·¥ç¨‹",
                    "biAvgprice":"149.25"
                }
            ],
            "totalAvgprice":"1189.50",
            "totalValue":"118949.58"
        },
        {
            "listingName":"è£…é¥°è£…ä¿®å·¥ç¨‹é‡æ¸…å•",
            "items":[
                {
                    "items":[
                        {
                            "qtyVct":"12830.67",
                            "ltname":"B.1.1 æ•´ä½“é¢å±‚",
                            "avgprice":"128.31"
                        },
                        {
                            "qtyVct":"1187.59",
                            "ltname":"B.1.5 è¸¢è„šçº¿",
                            "avgprice":"11.88"
                        },
                        {
                            "qtyVct":"4800.00",
                            "ltname":"B.1.7 æ‰¶æ‰‹ã€æ æ†ã€æ æ¿è£…é¥°",
                            "avgprice":"48.00"
                        }
                    ],
                    "value":"18818.26",
                    "biname":"B.1 æ¥¼åœ°é¢å·¥ç¨‹",
                    "biAvgprice":"188.18"
                },
                {
                    "items":[
                        {
                            "qtyVct":"38791.70",
                            "ltname":"B.2.1 å¢™é¢æŠ¹ç°",
                            "avgprice":"387.92"
                        },
                        {
                            "qtyVct":"11788.11",
                            "ltname":"B.2.4 å¢™é¢é•¶è´´å—æ–™",
                            "avgprice":"117.88"
                        }
                    ],
                    "value":"50579.81",
                    "biname":"B.2 å¢™ã€æŸ±é¢å·¥ç¨‹",
                    "biAvgprice":"505.80"
                },
                {
                    "items":[
                        {
                            "qtyVct":"12830.67",
                            "ltname":"B.3.1 å¤©æ£šæŠ¹ç°",
                            "avgprice":"128.31"
                        }
                    ],
                    "value":"12830.67",
                    "biname":"B.3 å¤©æ£šå·¥ç¨‹",
                    "biAvgprice":"128.31"
                },
                {
                    "items":[
                        {
                            "qtyVct":"5670.18",
                            "ltname":"B.4.1 æœ¨é—¨",
                            "avgprice":"56.70"
                        }
                    ],
                    "value":"5670.18",
                    "biname":"B.4 é—¨çª—å·¥ç¨‹",
                    "biAvgprice":"56.70"
                }
            ],
            "totalAvgprice":"878.99",
            "totalValue":"87898.92"
        }
    ],
    "sum":"206848.50",
    "sumAvgPrice":"2068.49",
    "success":true
}