{
    "success": true,
    "data": [
        {
            "ltname": "建筑工程工程量清单",
            "items": [
                {
                    "items": [
                        {
                            "value": "15344.210000000000",
                            "ltname": "A.3.4 砌块砌体",
                            "avgprice": "153.44209999999998"
                        }
                    ],
                    "value": "15344.21",
                    "ltname": "A.3 砌筑工程",
                    "avgprice": "153.44209999999998"
                },
                {
                    "items": [
                        {
                            "value": "57156.360000000000",
                            "ltname": "A.4.2 现浇混凝土柱",
                            "avgprice": "571.5636"
                        },
                        {
                            "value": "18558.000000000000",
                            "ltname": "A.4.3 现浇混凝土梁",
                            "avgprice": "185.58"
                        },
                        {
                            "value": "4860.937000000000",
                            "ltname": "A.4.4 现浇混凝土墙",
                            "avgprice": "48.60937"
                        },
                        {
                            "value": "3379.890000000000",
                            "ltname": "A.4.5 现浇混凝土板",
                            "avgprice": "33.798899999999996"
                        },
                        {
                            "value":"heji",
                            "ltname":"heji",
                            "type":"heji"
                        }
                    ],
                    "value": "4860.937",
                    "ltname": "A.4 混凝土及钢筋混凝土工程",
                    "avgprice": "48.60937"
                },
                {
                    "items": [
                        {
                            "value": "4725.035000000000",
                            "ltname": "A.7.2 屋面防水",
                            "avgprice": "47.25035"
                        }
                    ],
                    "value": "4725.035",
                    "ltname": "A.7 屋面及防水工程",
                    "avgprice": "47.25035"
                },
                {
                    "items": [
                        {
                            "value": "14925.142500000000",
                            "ltname": "A.8.3 隔热、保温",
                            "avgprice": "149.251425"
                        }
                    ],
                    "value": "14925.1425",
                    "ltname": "A.8 防腐、隔热、保温工程",
                    "avgprice": "149.251425"
                }
            ],
            "totalAvgprice": "1189.495745",
            "totalValue": "118949.57449999999"
        },
        {
            "ltname": "装饰装修工程量清单",
            "items": [
                {
                    "items": [
                        {
                            "value": "12830.672000000000",
                            "ltname": "B.1.1 整体面层",
                            "avgprice": "128.30672"
                        },
                        {
                            "value": "1187.585500000000",
                            "ltname": "B.1.5 踢脚线",
                            "avgprice": "11.875855"
                        },
                        {
                            "value": "4800.000000000000",
                            "ltname": "B.1.7 扶手、栏杆、栏板装饰",
                            "avgprice": "48.0"
                        }
                    ],
                    "value": "1187.5855",
                    "ltname": "B.1 楼地面工程",
                    "avgprice": "11.875855"
                },
                {
                    "items": [
                        {
                            "value": "38791.701300000000",
                            "ltname": "B.2.1 墙面抹灰",
                            "avgprice": "387.917013"
                        },
                        {
                            "value": "11788.105500000000",
                            "ltname": "B.2.4 墙面镶贴块料",
                            "avgprice": "117.881055"
                        }
                    ],
                    "value": "38791.7013",
                    "ltname": "B.2 墙、柱面工程",
                    "avgprice": "387.917013"
                },
                {
                    "items": [
                        {
                            "value": "12830.669100000000",
                            "ltname": "B.3.1 天棚抹灰",
                            "avgprice": "128.306691"
                        }
                    ],
                    "value": "12830.6691",
                    "ltname": "B.3 天棚工程",
                    "avgprice": "128.306691"
                },
                {
                    "items": [
                        {
                            "value": "5670.180000000000",
                            "ltname": "B.4.1 木门",
                            "avgprice": "56.701800000000006"
                        }
                    ],
                    "value": "5670.18",
                    "ltname": "B.4 门窗工程",
                    "avgprice": "56.701800000000006"
                }
            ],
            "totalAvgprice": "878.9891339999999",
            "totalValue": "87898.91339999999"
        }
    ],
    "total": 206848.48789999998,
    "totalAvgPrice": 2068.4848789999996
}